timestamp,age,health_score,previous_claims,smoking_status,predicted_annual_premium,premium_tier,decision,rule_triggered
1787291882.1016648,45,25.0,4,Yes,4098.63,HIGH_RISK,MANUAL_UNDERWRITING,HIGH_CLAIMS_LOW_HEALTH
1789458322.9734516,51,46.8,0,Yes,767.49,STANDARD,AUTO_QUOTE,
1789458323.6005642,50,2.3,5,No,1102.81,STANDARD,MANUAL_UNDERWRITING,HIGH_CLAIMS_LOW_HEALTH
1789458324.2324445,33,39.1,5,No,1360.63,ELEVATED,AUTO_QUOTE_WITH_LOADING,
1789458324.8511548,22,31.8,4,Yes,1130.6,STANDARD,AUTO_QUOTE,
1789458325.4835443,58,38.3,3,No,1255.05,ELEVATED,AUTO_QUOTE_WITH_LOADING,
1789458326.1010902,20,64.9,6,No,1398.12,ELEVATED,AUTO_QUOTE_WITH_LOADING,
1789458326.720613,42,5.7,1,Yes,786.09,STANDARD,AUTO_QUOTE,
1789458327.352567,53,88.4,4,No,1207.47,ELEVATED,AUTO_QUOTE_WITH_LOADING,
1789458327.984174,25,35.2,4,No,1506.28,ELEVATED,AUTO_QUOTE_WITH_LOADING,
1789458328.6169028,45,84.8,4,No,1218.42,ELEVATED,AUTO_QUOTE_WITH_LOADING,
1789458329.2490819,24,69.6,3,No,1125.92,STANDARD,AUTO_QUOTE,
1789458329.8982663,61,59.7,5,No,1336.9,ELEVATED,AUTO_QUOTE_WITH_LOADING,
1789458330.5444093,30,84.0,6,No,1093.99,STANDARD,AUTO_QUOTE,
1789458331.1635804,18,1.3,0,No,770.83,STANDARD,AUTO_QUOTE,
1789458331.7814724,26,49.5,0,No,765.57,STANDARD,AUTO_QUOTE,
1789458332.4144683,51,32.4,1,No,738.15,STANDARD,AUTO_QUOTE,
1789458333.0134127,56,91.1,5,No,1204.66,ELEVATED,AUTO_QUOTE_WITH_LOADING,
1789458333.6459184,59,74.3,6,No,1327.97,ELEVATED,AUTO_QUOTE_WITH_LOADING,
1789458334.2629952,45,77.2,4,No,1302.07,ELEVATED,AUTO_QUOTE_WITH_LOADING,
1789458334.9128206,26,11.8,1,Yes,820.97,STANDARD,AUTO_QUOTE,
1789458635.6038117,35,60.0,0,No,759.9,STANDARD,AUTO_QUOTE,
1789460418.6345162,35,60.0,0,No,759.9,STANDARD,AUTO_QUOTE,
1789460615.8263273,35,60.0,0,No,759.9,STANDARD,AUTO_QUOTE,
1789461352.3191164,35,60.0,0,No,759.9,STANDARD,AUTO_QUOTE,
1789461470.044096,35,60.0,0,No,759.9,STANDARD,AUTO_QUOTE,
1789461533.4259431,35,60.0,0,No,759.9,STANDARD,AUTO_QUOTE,
